;level_1;level_2;level_3;raw_descriptor
0;кислотн;высок кислотн;кислотн;кислотн
1;кислотн;высок кислотн;агрессивн;агрессивн
2;кислотн;высок кислотн;напорист;напорист
3;кислотн;высок кислотн;ярк;ярк
4;кислотн;высок кислотн;яркост;яркост
5;кислотн;высок кислотн;ярк;ярч
6;кислотн;высок кислотн;бойк;бойк
7;кислотн;высок кислотн;жизнерадостн;жизнерадостн
8;кислотн;высок кислотн;цитрус;лимон
9;кислотн;высок кислотн;чист;чист
10;кислотн;высок кислотн;хруст;хруст
11;кислотн;высок кислотн;хруст;четк очерч
12;кислотн;высок кислотн;резк;резк
13;кислотн;высок кислотн;остр;остр
14;кислотн;высок кислотн;обильн;обильн
15;кислотн;высок кислотн;ярк;ярк
16;кислотн;высок кислотн;свеж;свеж
17;кислотн;высок кислотн;свежест;свежест
18;кислотн;высок кислотн;свеж;освеж
19;кислотн;высок кислотн;высок кислотн;высок кислотн
20;кислотн;высок кислотн;постн;постн
21;кислотн;высок кислотн;нервн;нервн
22;кислотн;высок кислотн;разносол;разносол
23;кислотн;высок кислотн;прониз;прониз
24;кислотн;высок кислотн;сладк;сладк
25;кислотн;высок кислотн;колоритн;колоритн
26;кислотн;высок кислотн;освеж;освеж
27;кислотн;высок кислотн;обжиг;обжиг
28;кислотн;высок кислотн;обжиг;обжигающ кислотн
29;кислотн;высок кислотн;кисловат;кисловат
30;кислотн;высок кислотн;кисл;кисл
31;кислотн;высок кислотн;игрист;игрист
32;кислотн;высок кислотн;терпк;терпк
33;кислотн;высок кислотн;динамичн;динамичн
34;кислотн;высок кислотн;пикантн;пикантн
35;кислотн;высок кислотн;ярк;ярк
36;кислотн;высок кислотн;яркост;яркост
37;кислотн;высок кислотн;энергичн;энергичн
38;кислотн;слаб кислотн;дрябл;дрябл
39;кислотн;слаб кислотн;скудн;скудн
40;кислотн;слаб кислотн;слаб кислотн;слаб кислотн
41;кислотн;летуч кислотн;бальзамин;бальзамин
42;кислотн;летуч кислотн;уксусн;уксусн
43;алкогол;сильноалкогольн;запеч;печ
44;алкогол;сильноалкогольн;пьян;пьян
45;алкогол;сильноалкогольн;сильноалкогольн;больш
46;алкогол;сильноалкогольн;сильноалкогольн;сильноалкогольн
47;алкогол;сильноалкогольн;сильноалкогольн;высокоокта
48;алкогол;сильноалкогольн;горяч;тепл
49;алкогол;сильноалкогольн;горяч;жар
50;алкогол;сильноалкогольн;горяч;горяч
51;алкогол;сильноалкогольн;остр;остр
52;алкогол;сильноалкогольн;тепл;тепл
53;алкогол;сильноалкогольн;тепл;тепл
54;алкогол;слабоалкогольн;слабоалкогольн;легк
55;алкогол;слабоалкогольн;слабоалкогольн;слабоалкогольн
56;алкогол;слабоалкогольн;слабоалкогольн;слаб алкогол
57;тел;полнотел;смел;смел
58;тел;полнотел;крепк;крепк
59;тел;полнотел;крепк;тверд коренаст
60;тел;полнотел;сыр;сыр
61;тел;полнотел;экстрагир;экстракт
62;тел;полнотел;полнотел;смел
63;тел;полнотел;полнотел;полнотел
64;тел;полнотел;полнотел;полнотел
65;тел;полнотел;полнотел;накач
66;тел;полнотел;полнотел;вес
67;тел;полнотел;обильн;обильн
68;тел;полнотел;тяжел;тяжел
69;тел;полнотел;тяжел;тяжест
70;тел;полнотел;пышн;пышн
71;тел;полнотел;роскошн;роскош
72;тел;полнотел;масс;масс
73;тел;полнотел;богат;богат
74;тел;полнотел;полн;полн
75;тел;полнотел;полнот;полнот
76;тел;полнотел;богат;богат
77;тел;полнотел;крепк;крепк
78;тел;полнотел;сочн;сочн
79;тел;полнотел;богат;богат
80;тел;полнотел;сироп;сироп
81;тел;полнотел;толст;толст
82;тел;полнотел;вязк;вязк
83;тел;полнотел;вязк;тягуч
84;тел;полнотел;пышн;пышн
85;тел;полнотел;вес;вес
86;тел;легкотел;воздушн;воздушн
87;тел;легкотел;изящн;изящн
88;тел;легкотел;элегантн;элегантн
89;тел;легкотел;элегантн;элегантн
90;тел;легкотел;женств;женств
91;тел;легкотел;скудн;довольн скудн
92;тел;легкотел;легк;легк
93;тел;легкотел;легкотел;легк
94;тел;легкотел;легкотел;светл
95;тел;легкотел;легкотел;легк стил
96;тел;легкотел;легкотел;облегч
97;тел;легкотел;легкотел;тонк
98;тел;легкотел;изыск;изыск
99;тел;легкотел;невыдерж;невыдерж
100;тел;среднетел;среднетел;средн полнотел
101;тел;среднетел;среднетел;средн вес
102;тел;среднетел;среднетел;среднетел
103;тел;среднетел;среднетел;средневесн
104;дрожж;животн;дик;дик
105;дрожж;животн;прогоркл;прогоркл
106;дрожж;животн;мускус;мускусн
107;дрожж;животн;пот;пот
108;дрожж;животн;пот;потн
109;дрожж;бекон;бекон;бекон
110;дрожж;бекон;бекон;жирн бекон
111;дрожж;бекон;копч бекон;копч бекон
112;дрожж;скотн двор;скотн двор;скотн двор
113;дрожж;скотн двор;вон;вон
114;дрожж;скотн двор;вон;вонюч
115;дрожж;скотн двор;лошадин;лошадин
116;дрожж;скотн двор;седельн кож;седельн кож
117;дрожж;лекарств;пластыр;пластыр
118;дрожж;лекарств;лекарств;лекарств
119;карамел;бискв;яблочн пирог;яблочн пирог
120;карамел;бискв;черничн пирог;черничн пирог
121;карамел;бискв;торт;торт
122;карамел;бискв;вишн пирог;вишн пирог
123;карамел;бискв;печ;печ
124;карамел;бискв;крекер;крекер
125;карамел;бискв;выпечк;выпечк
126;карамел;бискв;пирог;пирог
127;карамел;карамел;коричн масл;коричн масл
128;карамел;карамел;коричн сахар;коричн сахар
129;карамел;карамел;попкорн;попкорн
130;карамел;карамел;сливочн крем;сливочн крем
131;карамел;карамел;ирис;ирис
132;карамел;карамел;ирис;ириск
133;карамел;карамел;карамел;карамел
134;карамел;карамел;карамел;карамельн сахар
135;карамел;карамел;крем брюл;крем брюл
136;карамел;карамел;заварн крем;заварн крем
137;карамел;карамел;помадк;помадк
138;карамел;карамел;лимон крем;лимон крем
139;карамел;карамел;лимон;лимон
140;карамел;карамел;клен сироп;клен сироп
141;карамел;карамел;маршмелл;маршмелл
142;карамел;карамел;паток;паток
143;карамел;карамел;попкорн;попкорн
144;карамел;карамел;соя;соя
145;карамел;карамел;соус;соус
146;карамел;шоколад;кэроб;кэроб
147;карамел;шоколад;шоколад;горьк шоколад
148;карамел;шоколад;шоколад;сладк горьк шоколад
149;карамел;шоколад;шоколад;шоколадк
150;карамел;шоколад;шоколад;шоколад
151;карамел;шоколад;шоколад;шоколадн
152;карамел;шоколад;какао;какао
153;карамел;шоколад;какао;какао порошок
154;карамел;шоколад;темн шоколад;темн шоколад
155;карамел;шоколад;молочн шоколад;молочн шоколад
156;карамел;мед;пчелин воск;пчелин воск
157;карамел;мед;ботритис;ботритис
158;карамел;мед;мед;мед
159;карамел;мед;мед;мед
160;карамел;мед;сот;сот
161;карамел;мед;жимол;жимол
162;сложност;высок сложност;закр;закр
163;сложност;высок сложност;сложн;сложн
164;сложност;высок сложност;запут;запут
165;сложност;высок сложност;глубин;глубок
166;сложност;высок сложност;глубин;глубин
167;сложност;высок сложност;обширн;расшир
168;сложност;высок сложност;изыск;изыск
169;сложност;высок сложност;щедр;щедр
170;сложност;низк сложност;легк;легк
171;сложност;низк сложност;линейн;линейн
172;сложност;низк сложност;низк сложност;прост
173;сложност;низк сложност;скромн;скромн
174;сложност;низк сложност;одномерн;одномерн
175;сложност;низк сложност;прост;несложн
176;концентрац;высок концентрац;концентрир;концентрир
177;концентрац;высок концентрац;плотн;плотн
178;концентрац;высок концентрац;плотн;плотност
179;концентрац;высок концентрац;толст;толст
180;концентрац;высок концентрац;мощн;мощн
181;концентрац;высок концентрац;напорист;напорист
182;концентрац;низк концентрац;мягк;мягк
183;концентрац;низк концентрац;разбавл;разбавл
184;концентрац;низк концентрац;тускл;тускл
185;концентрац;низк концентрац;пол;пол
186;концентрац;низк концентрац;спел;спел
187;концентрац;низк концентрац;сдерж;сдерж
188;концентрац;низк концентрац;водянист;водн
189;концентрац;низк концентрац;водянист;водянист
190;неорганик;граф;древесн угол;древесн угол
191;неорганик;граф;граф;граф
192;неорганик;граф;кедр карандаш;кедр карандаш
193;неорганик;граф;карандашн грифел;карандашн грифел
194;неорганик;граф;карандашн очистк;карандашн очистк
195;неорганик;металл;желез;желез
196;неорганик;металл;металл;металл
197;неорганик;металл;стал;нержавейк
198;неорганик;металл;стал;нержавеющ стал
199;неорганик;металл;стал;нержавеющ
200;неорганик;металл;стал;стал
201;неорганик;металл;стал;стальн
202;неорганик;металл;стал;стальн покр
203;неорганик;металл;стал;стальн шахт
204;неорганик;масл;камфор;камфор
205;неорганик;масл;свечн воск;свечн воск
206;неорганик;масл;ланолин;ланолин
207;неорганик;масл;масл;масл
208;неорганик;масл;масл;мягк масл
209;неорганик;масл;масл;маслянист
210;неорганик;масл;масл;масл
211;неорганик;масл;скользк;скользк
212;неорганик;масл;мыльн;мыльн
213;неорганик;масл;воск;воск
214;неорганик;масл;воск;воск
215;неорганик;бензин;асфальт;асфальт
216;неорганик;бензин;химическ;химическ
217;неорганик;бензин;дизел;дизел
218;неорганик;бензин;бензин;бензин
219;неорганик;бензин;пластик;пластик
220;неорганик;бензин;пластик;пластмасс
221;неорганик;бензин;дегот;дегот
222;неорганик;бензин;дегот;дегт
223;неорганик;камн;цемент;цемент
224;неорганик;камн;мел;мел
225;неорганик;камн;мел;мел глин
226;неорганик;камн;мел;мел
227;неорганик;камн;глин;глин
228;неорганик;камн;бетон;бетон
229;неорганик;камн;крем;крем
230;неорганик;камн;крем;кремн
231;неорганик;камн;гран;гран
232;неорганик;камн;гран;гранитн
233;неорганик;камн;грав;грав
234;неорганик;камн;известняк;известняк
235;неорганик;камн;минер;минер
236;неорганик;камн;минер;кристалл
237;неорганик;камн;минер;минеральн
238;неорганик;камн;минер;шахт
239;неорганик;камн;скал;кам крошк
240;неорганик;камн;скал;гранитн крошк
241;неорганик;камн;скал;бел кам
242;неорганик;камн;скалист;скалист
243;неорганик;камн;шифер;крош шифер
244;неорганик;камн;шифер;шифер
245;неорганик;камн;кам;скал
246;неорганик;камн;кам;кам
247;неорганик;камн;кам;кам
248;неорганик;камн;крем;крем
249;неорганик;камн;мокр глин;мокр глин
250;неорганик;камн;мокр камн;мокр цемент
251;неорганик;камн;мокр камн;мокр скал
252;неорганик;камн;мокр камн;мокр шифер
253;неорганик;камн;мокр камн;мокр кам
254;неорганик;резин;латекс;латекс
255;неорганик;резин;резин;резин
256;неорганик;резин;резин;резин
257;неорганик;резин;покрышк;шин
258;неорганик;резин;покрышк;покрышк
259;органик;гриб;гриб;гриб
260;органик;гриб;гриб;грибн
261;органик;гриб;трюфел;трюфел
262;органик;почв;компост;компост
263;органик;почв;пыл;пыл
264;органик;почв;пыл;пыльн
265;органик;почв;земл;земл
266;органик;почв;земл;землист
267;органик;почв;земл;торф
268;органик;почв;земл;земл
269;органик;почв;суглинок;суглинок
270;органик;почв;суглинок;глинист
271;органик;почв;влажн земл;влажн земл
272;органик;почв;мульч;мульч
273;органик;почв;выжж земл;выжж земл
274;органик;почв;грунт;грунт
275;органик;почв;сыр земл;мокр земл
276;органик;почв;сыр земл;сыр земл
277;органик;подземн растительн;лесн покр;лесн покр
278;органик;подземн растительн;лесн покр;лесн пол
279;органик;подземн растительн;лесн покр;лесн
280;органик;подземн растительн;лесн покр;оп лист
281;органик;подземн растительн;мох;мох
282;органик;подземн растительн;мох;замшел
283;органик;подземн растительн;кор;кор
284;органик;подземн растительн;кор;корн
285;органик;подземн растительн;подземн растительн;подземн растительн
286;послевкус;долг послевкус;долг;долг
287;послевкус;долг послевкус;долг;долг
288;послевкус;долг послевкус;долг;длительн
289;послевкус;долг послевкус;долг;продолжительн
290;послевкус;средн послевкус;средн;средн послевкус
291;послевкус;средн послевкус;средн;послевкус
292;цветок;цветочн;акац;акац
293;цветок;цветочн;акац;цветок акац
294;цветок;цветочн;яблочн цветок;яблочн цветок
295;цветок;цветочн;цвет;цвет
296;цветок;цветочн;син цветок;син цветок
297;цветок;цветочн;ромашк;ромашк
298;цветок;цветочн;бузин;бузин
299;цветок;цветочн;цветочн;букет
300;цветок;цветочн;цветочн;цветок
301;цветок;цветочн;цветочн;цвет
302;цветок;цветочн;цветочн;цветочн
303;цветок;цветочн;гибискус;гибискус
304;цветок;цветочн;жасмин;жасмин
305;цветок;цветочн;лаванд;лаванд
306;цветок;цветочн;сир;сир
307;цветок;цветочн;нектар;нектар
308;цветок;цветочн;цветок апельсин;цветок апельсин
309;цветок;цветочн;ароматн;ароматн
310;цветок;цветочн;лепесток;лепесток
311;цветок;цветочн;пыльц;пыльц
312;цветок;цветочн;попурр;попурр
313;цветок;цветочн;фиолет цветок;фиолет цветок
314;цветок;цветочн;роз;выжат роз
315;цветок;цветочн;роз;роз
316;цветок;цветочн;роз;лепесток роз
317;цветок;цветочн;роз;желт роз
318;цветок;цветочн;роз фиалк;роз фиалк
319;цветок;цветочн;роз вод;роз вод
320;цветок;цветочн;вес цвет;вес цвет
321;цветок;цветочн;фиалк;толч фиалк
322;цветок;цветочн;фиалк;выжат фиалк
323;цветок;цветочн;фиалк;фиалк
324;цветок;цветочн;фиолет роз;фиолет роз
325;цветок;цветочн;бел цветок;бел цветок
326;цветок;цветочн;дикорастущ;дикорастущ
327;цветок;цветочн;дик цветок;дик цветок
328;цветок;цветочн;желт цветок;желт цветок
329;фрукт;цитрус;бергамот;бергамот
330;фрукт;цитрус;королек;королек
331;фрукт;цитрус;цитрус;цитрус
332;фрукт;цитрус;цитрус;цитрус
333;фрукт;цитрус;цитрус;цитрусн
334;фрукт;цитрус;цитрус;лимон лайм
335;фрукт;цитрус;кожур цитрус;кожур цитрус
336;фрукт;цитрус;кожур цитрус;цедр
337;фрукт;цитрус;кожур цитрус;цедр цитрус
338;фрукт;цитрус;сердцевин цитрус;сердцевин цитрус
339;фрукт;цитрус;грейпфрут;грейпфрут
340;фрукт;цитрус;грейпфрут;грейпфрут
341;фрукт;цитрус;грейпфрут;роз грейпфрут
342;фрукт;цитрус;грейпфрут;бел грейпфрут
343;фрукт;цитрус;кожур грейпфрут;кожур грейпфрут
344;фрукт;цитрус;кожур грейпфрут;цедр грейпфрут
345;фрукт;цитрус;сердцевин грейпфрут;сердцевин грейпфрут
346;фрукт;цитрус;кумкват;кумкват
347;фрукт;цитрус;лимон;лимон
348;фрукт;цитрус;лимон;лимон сок
349;фрукт;цитрус;лимон;лимон масл
350;фрукт;цитрус;лимон;лимон
351;фрукт;цитрус;лимон;лимон мейер
352;фрукт;цитрус;лимон;мякот лимон
353;фрукт;цитрус;цветок лимон;цветок лимон
354;фрукт;цитрус;лимон творог;лимон творог
355;фрукт;цитрус;лимон леденец;лимон леденец
356;фрукт;цитрус;кожур лимон;лимон кожур
357;фрукт;цитрус;кожур лимон;кожур лимон
358;фрукт;цитрус;кожур лимон;цедр лимон
359;фрукт;цитрус;кожур лимон;лимон цедр
360;фрукт;цитрус;сердцевин лимон;сердцевин лимон
361;фрукт;цитрус;лимон верб;лимон верб
362;фрукт;цитрус;лайм;лайм
363;фрукт;цитрус;лайм;лайм
364;фрукт;цитрус;лайм;лайм сок
365;фрукт;цитрус;лайм;лист лайм
366;фрукт;цитрус;лайм;мякот лайм
367;фрукт;цитрус;кожур лайм;лайм кожур
368;фрукт;цитрус;кожур лайм;кожур лайм
369;фрукт;цитрус;кожур лайм;кож лайм
370;фрукт;цитрус;кожур лайм;цедр лайм
371;фрукт;цитрус;кожур лайм;лайм цедр
372;фрукт;цитрус;мандарин;мандарин
373;фрукт;цитрус;мармелад;мармелад
374;фрукт;цитрус;нектарин;нектарин цедр
375;фрукт;цитрус;апельсин;клементин
376;фрукт;цитрус;апельсин;апельсин
377;фрукт;цитрус;апельсин;красн апельсин
378;фрукт;цитрус;апельсин мармелад;апельсин мармелад
379;фрукт;цитрус;кожур апельсин;апельсин кожур
380;фрукт;цитрус;кожур апельсин;кожур апельсин
381;фрукт;цитрус;кожур апельсин;апельсин цедр
382;фрукт;цитрус;кожур апельсин;цедр апельсин
383;фрукт;цитрус;сердцевин;сердцевин
384;фрукт;цитрус;консервир лимон;консервир лимон
385;фрукт;цитрус;цедр;цедр
386;фрукт;цитрус;кожур мандарин;кожур мандарин
387;фрукт;цитрус;кожур мандарин;цедр мандарин
388;фрукт;темн фрукт;черн смородин;черн смородин
389;фрукт;темн фрукт;черн фрукт;черн фрукт
390;фрукт;темн фрукт;черн фрукт;темн фрукт
391;фрукт;темн фрукт;черничн вар;черничн вар
392;фрукт;темн фрукт;черносмородин вар;черносмородин вар
393;фрукт;темн фрукт;син фрукт;син фрукт
394;фрукт;темн фрукт;голубик;голубик
395;фрукт;темн фрукт;ежевик;ежевик
396;фрукт;темн фрукт;смородин;смородин
397;фрукт;темн фрукт;темн ягод;темн ягод
398;фрукт;темн фрукт;бузин;бузин
399;фрукт;темн фрукт;черник;черник
400;фрукт;темн фрукт;шелковиц;шелковиц
401;фрукт;темн фрукт;слив;черн слив
402;фрукт;темн фрукт;слив;мирабел
403;фрукт;темн фрукт;слив;слив
404;фрукт;темн фрукт;слив;слив кож
405;фрукт;темн фрукт;слив;слив
406;фрукт;темн фрукт;слив;слив вар
407;фрукт;темн фрукт;красн слив;красн слив
408;фрукт;темн фрукт;вар слив;вар слив
409;фрукт;сухофрукт;фиг;фиг
410;фрукт;сухофрукт;черносл;черносл
411;фрукт;сухофрукт;черносл;черносл
412;фрукт;сухофрукт;изюм;изюм
413;фрукт;сухофрукт;изюм;изюм
414;фрукт;сухофрукт;вар изюм;вар изюм
415;фрукт;фрукт;фрукт;фрукт
416;фрукт;фрукт;фрукт;фрукт
417;фрукт;фрукт;фрукт;фрукт сад
418;фрукт;фрукт;фрукт;сад фрукт
419;фрукт;фрукт;ярк;ярк
420;фрукт;фрукт;сочн;сок
421;фрукт;фрукт;сочн;сочн
422;фрукт;фрукт;перезрел;перезрел
423;фрукт;фрукт;мякот;мякот
424;фрукт;фрукт;разлож;разлож
425;фрукт;фрукт;спел;спел
426;фрукт;фрукт;зрел;зрел
427;фрукт;фрукт;спел;спелост
428;фрукт;фрукт;спел;поспел
429;фрукт;фрукт;сорбет;сорбет
430;фрукт;фрукт;оч спел;оч спел
431;фрукт;фрукт;недозрел;недозрел
432;фрукт;фрукт;незрел;незрел
433;фрукт;дын;мускусн дын;мускусн дын
434;фрукт;дын;нектар;нектар
435;фрукт;дын;нектар;мед дын
436;фрукт;дын;дын;дын
437;фрукт;дын;дын;инжирн дын
438;фрукт;дын;дын;дын
439;фрукт;дын;дын корк;дын корк
440;фрукт;дын;арбуз;арбуз
441;фрукт;красн фрукт;ягод;ягод
442;фрукт;красн фрукт;черн вишн;черн вишн
443;фрукт;красн фрукт;бойз ягод;бойз ягод
444;фрукт;красн фрукт;вишн;пьян вишн
445;фрукт;красн фрукт;вишн;вишн
446;фрукт;красн фрукт;вишн;вишн
447;фрукт;красн фрукт;вишн;морелл
448;фрукт;красн фрукт;вишн;красн вишн
449;фрукт;красн фрукт;вишн;кисл вишн
450;фрукт;красн фрукт;вишн;дик вишн
451;фрукт;красн фрукт;вишн ликер;вишн ликер
452;фрукт;красн фрукт;компот;компот
453;фрукт;красн фрукт;сахарн ват;сахарн ват
454;фрукт;красн фрукт;сладк ват;сладк ват
455;фрукт;красн фрукт;клюкв;клюкв
456;фрукт;красн фрукт;крыжовник;крыжовник
457;фрукт;красн фрукт;виноград;виноград
458;фрукт;красн фрукт;виноград;виноградн
459;фрукт;красн фрукт;липк;липк
460;фрукт;красн фрукт;вар;вар
461;фрукт;красн фрукт;джем;джем
462;фрукт;красн фрукт;жел;жел
463;фрукт;красн фрукт;кирш;кирш
464;фрукт;красн фрукт;гранат;гранат
465;фрукт;красн фрукт;малин;толч малин
466;фрукт;красн фрукт;малин;малин
467;фрукт;красн фрукт;малин;малин компот
468;фрукт;красн фрукт;малин;малин вар
469;фрукт;красн фрукт;красн ягод;лесн ягод
470;фрукт;красн фрукт;красн смородин;красн смородин
471;фрукт;красн фрукт;красн смородин;красносмородин
472;фрукт;красн фрукт;красн фрукт;красн фрукт
473;фрукт;красн фрукт;клубник;клубник
474;фрукт;красн фрукт;клубник;клубничн
475;фрукт;красн фрукт;клубник;клубничн вар
476;фрукт;красн фрукт;клубник;консервир клубник
477;фрукт;красн фрукт;клубник;земляник
478;фрукт;красн фрукт;клубник;земляничн
479;фрукт;красн фрукт;бел смородин;бел смородин
480;фрукт;красн фрукт;дик ягод;дик ягод
481;фрукт;фрукт косточк;абрикос;абрикос
482;фрукт;фрукт косточк;персик грил;персик грил
483;фрукт;фрукт косточк;нектарин;нектарин
484;фрукт;фрукт косточк;персик;персик
485;фрукт;фрукт косточк;персик;персик дын
486;фрукт;фрукт косточк;персик;персик нектарин
487;фрукт;фрукт косточк;персик;персик
488;фрукт;фрукт косточк;персик;бел персик
489;фрукт;фрукт косточк;персик;желт персик
490;фрукт;фрукт косточк;косточк персик;косточк персик
491;фрукт;фрукт косточк;косточк персик;персик косточк
492;фрукт;фрукт косточк;фрукт косточк;абрикос персик
493;фрукт;фрукт косточк;фрукт косточк;персик абрикос
494;фрукт;фрукт косточк;фрукт косточк;фрукт косточк
495;фрукт;фрукт косточк;фрукт косточк;фрукт косточк
496;фрукт;фрукт косточк;бел фрукт;бел фрукт
497;фрукт;фрукт косточк;желт фрукт;желт фрукт
498;фрукт;древесн фрукт;яблок;яблок
499;фрукт;древесн фрукт;яблок;яблочн сидр
500;фрукт;древесн фрукт;яблок;мякот яблок
501;фрукт;древесн фрукт;яблок;яблочн кожиц
502;фрукт;древесн фрукт;яблок;яблочн
503;фрукт;древесн фрукт;яблок;голд
504;фрукт;древесн фрукт;яблок;золот яблок
505;фрукт;древесн фрукт;яблок;гравенштейн
506;фрукт;древесн фрукт;яблок;зел яблок
507;фрукт;древесн фрукт;яблок;выжат яблок
508;фрукт;древесн фрукт;яблок;желт яблок
509;фрукт;древесн фрукт;яблочн повидл;яблочн повидл
510;фрукт;древесн фрукт;печ яблок;печ яблок
511;фрукт;древесн фрукт;сидр;сидр
512;фрукт;древесн фрукт;зел фрукт;зел фрукт
513;фрукт;древесн фрукт;груш;анжуйск груш
514;фрукт;древесн фрукт;груш;азиатск груш
515;фрукт;древесн фрукт;груш;бартлетт
516;фрукт;древесн фрукт;груш;груш
517;фрукт;древесн фрукт;груш;мякот груш
518;фрукт;древесн фрукт;груш;вял груш
519;фрукт;древесн фрукт;айв;айв
520;фрукт;древесн фрукт;древесн фрукт;яблочн груш
521;фрукт;тропическ фрукт;бан;бан
522;фрукт;тропическ фрукт;жевательн резинк;жевательн резинк
523;фрукт;тропическ фрукт;бубл гум;бубл гум
524;фрукт;тропическ фрукт;конфет;конфет
525;фрукт;тропическ фрукт;конфет;конфетн
526;фрукт;тропическ фрукт;конфет;конфетн нотк
527;фрукт;тропическ фрукт;зел бан;зел бан
528;фрукт;тропическ фрукт;гу;гу
529;фрукт;тропическ фрукт;кив;кив
530;фрукт;тропическ фрукт;лич;лич
531;фрукт;тропическ фрукт;манг;манг
532;фрукт;тропическ фрукт;манг;манг
533;фрукт;тропическ фрукт;пап;пап
534;фрукт;тропическ фрукт;марак;марак
535;фрукт;тропическ фрукт;хурм;хурм
536;фрукт;тропическ фрукт;ананас;ананас
537;фрукт;тропическ фрукт;ананас;ананас
538;фрукт;тропическ фрукт;тропическ фрукт;манг ананас
539;фрукт;тропическ фрукт;тропическ фрукт;ананас манг
540;фрукт;тропическ фрукт;тропическ фрукт;тропическ
541;микроб;лактобактер;масл;масл
542;микроб;лактобактер;сливочн масл;сливочн масл
543;микроб;лактобактер;сыр;сыр
544;микроб;лактобактер;сыр;сырн
545;микроб;лактобактер;сливк;сливк
546;микроб;лактобактер;сливк;сливочн
547;микроб;лактобактер;смет;смет
548;микроб;лактобактер;смет;смет
549;микроб;лактобактер;молочн;молочн
550;микроб;лактобактер;топл масл;топл масл
551;микроб;дрожж;дрожж;дрожж
552;микроб;дрожж;дрожж;дрожж
553;микроб;дрожж;печ хлеб;печ хлеб
554;микроб;дрожж;хлеб;хлеб
555;микроб;дрожж;корочк хлеб;хлебн корк
556;микроб;дрожж;корочк хлеб;корочк хлеб
557;микроб;дрожж;бриош;бриош
558;микроб;дрожж;осадок;осадок
559;микроб;дрожж;осадок;осадочн
560;орех;орех;минд;минд
561;орех;орех;минд;миндальн паст
562;орех;орех;минд;миндальн кожиц
563;орех;орех;минд;марцип
564;орех;орех;горьк минд;горьк минд
565;орех;орех;горьк орех;горьк орех
566;орех;орех;кеш;кеш
567;орех;орех;лесн орех;лесн орех
568;орех;орех;фундук;фундук
569;орех;орех;орех;орех
570;орех;орех;орех;орех
571;орех;орех;арахис;арахис
572;орех;орех;жар минд;жар минд
573;орех;орех;копч орех;копч орех
574;орех;орех;жар лесн орех;жар лесн орех
575;орех;орех;жар орех;жар орех
576;орех;орех;грецк орех;грецк орех
577;орех;орех;бел минд;бел минд
578;сол;сол;рассол;рассол
579;сол;сол;рассол;рассольн
580;сол;сол;йод;йод
581;сол;сол;океаническ сол;океаническ сол
582;сол;сол;сол;физраствор
583;сол;сол;сол;морск сол
584;сол;сол;сол;сол
585;сол;сол;сол;сол
586;спец;спец выпечк;душист перец;душист перец
587;спец;спец выпечк;анис;анис
588;спец;спец выпечк;анис;анис
589;спец;спец выпечк;азиатск спец;азиатск спец
590;спец;спец выпечк;спец выпечк;спец выпечк
591;спец;спец выпечк;спец выпечк;мускатн орех
592;спец;спец выпечк;спец выпечк;кориц
593;спец;спец выпечк;кардамон;кардамон
594;спец;спец выпечк;кориц;кориц
595;спец;спец выпечк;гвоздик;гвоздик
596;спец;спец выпечк;кол;кол
597;спец;спец выпечк;припр;припр
598;спец;спец выпечк;доктор пеппер;доктор пеппер
599;спец;спец выпечк;имбир;имбир
600;спец;спец выпечк;имбирн пряник;имбирн пряник
601;спец;спец выпечк;индийск спец;индийск спец
602;спец;спец выпечк;лакриц;черн лакриц
603;спец;спец выпечк;лакриц;лакриц
604;спец;спец выпечк;лакриц;кор лакриц
605;спец;спец выпечк;горчиц;горчиц
606;спец;спец выпечк;мускатн орех;мускатн орех
607;спец;спец выпечк;ром торт;ром торт
608;спец;спец выпечк;крем обув;крем обув
609;спец;спец выпечк;спец;спец
610;спец;спец выпечк;спец;прян
611;спец;спец выпечк;спец;пряност
612;спец;спец выпечк;звездчат анис;звездчат анис
613;спец;перец;черн перец;черн перец
614;спец;перец;зел перец;зел перец
615;спец;перец;зел перец;болгарск перец
616;спец;перец;перец;молот перец
617;спец;перец;перец;перец
618;спец;перец;перец;перец горошк
619;спец;перец;перец;перечн
620;спец;перец;перц;перц
621;спец;перец;бел перец;бел перец
622;спец;шафр;шафр;шафр
623;стил;игрист;шипуч;шипуч
624;стил;игрист;шампанск;шампанск
625;стил;игрист;пенист;пен
626;стил;игрист;пенист;пенист
627;стил;игрист;пен;пен
628;стил;игрист;покал;покал
629;стил;игрист;игрист;пузырьк
630;стил;игрист;игрист;игрист
631;стил;игрист;игрист;искрист
632;сульфид;кож;кож;кож
633;сульфид;кож;кож;кож
634;сульфид;кож;кож;нов кож
635;сульфид;мяс;барбек;барбек
636;сульфид;мяс;говядин;говядин
637;сульфид;мяс;вял мяс;джерк
638;сульфид;мяс;вял мяс;колбасн издел
639;сульфид;мяс;вял мяс;вял мяс
640;сульфид;мяс;дич;дич
641;сульфид;мяс;дич;дик мяс
642;сульфид;мяс;мяс грил;обугл мяс
643;сульфид;мяс;мяс грил;мяс грил
644;сульфид;мяс;ветчин;ветчин
645;сульфид;мяс;мяс;мяс
646;сульфид;мяс;жар говядин;жар говядин
647;сульфид;мяс;обугл говядин;обугл говядин
648;сульфид;мяс;жар мяс;жар мяс
649;сульфид;мяс;мяс кров;мяс кров
650;сульфид;мяс;стейк;стейк
651;сульфид;сер;спичк;спичк
652;сульфид;сер;сер;сер
653;сладост;сух;оч сух;оч сух
654;сладост;сух;оч сух;оч сух
655;сладост;сух;сух;сух
656;сладост;сух;сухост;сухост
657;сладост;сух;полусух;полусух
658;сладост;сух;сух;сух
659;сладост;сладк;среднесладк;среднесладк
660;сладост;сладк;среднесладк;полусладк
661;сладост;сладк;остаточн сахар;остаточн сахар
662;сладост;сладк;остаточн сладост;остаточн сладост
663;сладост;сладк;полусладк;рислинг
664;сладост;сладк;сладк;сладк
665;сладост;сладк;сладк;сладост
666;сладост;сладк;сладк;слащ
667;сладост;сладк;сладк;сладостн
668;сладост;сладк;сладк;сладковкусн
669;сладост;оч сладк;приторн;приторн
670;сладост;оч сладк;липк;липк
671;сладост;оч сладк;липк;липкост
672;сладост;оч сладк;сахар;сахар
673;сладост;оч сладк;сахар;сахарн
674;таннин;высок танин;резк;резк
675;таннин;высок танин;вяжущ;вяжущ
676;таннин;высок танин;сур;сур
677;таннин;высок танин;мясист;мясист
678;таннин;высок танин;ширококостн;ширококостн
679;таннин;высок танин;горьк;гореч
680;таннин;высок танин;горьк;горьк
681;таннин;высок танин;сладк горьк;сладк горьк
682;таннин;высок танин;сильн;сильн
683;таннин;высок танин;грузн;грузн
684;таннин;высок танин;закр;закр
685;таннин;высок танин;груб;груб
686;таннин;высок танин;крепк;крепк
687;таннин;высок танин;толст;толст
688;таннин;высок танин;зернист;зернист
689;таннин;высок танин;зернист;зернист танин
690;таннин;высок танин;схват;схват
691;таннин;высок танин;схват;схватывающ танин
692;таннин;высок танин;песок;песок
693;таннин;высок танин;песок;песч
694;таннин;высок танин;жестк;жестк
695;таннин;высок танин;высок танин;высок дубильн
696;таннин;высок танин;высок танин;дубильн
697;таннин;высок танин;пьян;пьян
698;таннин;высок танин;мощн;мощн
699;таннин;высок танин;мясн;мясн
700;таннин;высок танин;мускульн;мускульн
701;таннин;высок танин;фенольн;фенольн
702;таннин;высок танин;скрипуч;скрипуч
703;таннин;высок танин;груб;груб
704;таннин;высок танин;ржав;ржав
705;таннин;высок танин;тяжел;тяжел
706;таннин;высок танин;танин;танин
707;таннин;высок танин;туг;туг
708;таннин;высок танин;туг;туг вяжущ
709;таннин;низк танин;легк;легк
710;таннин;низк танин;слаб танин;слаб танин
711;таннин;низк танин;легкост;легкост
712;таннин;низк танин;слаб;слаб
713;таннин;низк танин;мелкозернист;мелкозернист
714;таннин;низк танин;мимолетн;мимолетн
715;таннин;низк танин;мягк танин;мягк танин
716;таннин;низк танин;плюш;плюш
717;таннин;низк танин;полир;полир
718;таннин;низк танин;полир;полировк
719;таннин;низк танин;пудр;пудр
720;таннин;низк танин;ровн;ровн
721;таннин;низк танин;атласн;атласн
722;таннин;низк танин;шелк;шелк
723;таннин;низк танин;шелк;шелк
724;таннин;низк танин;елейн;елейн
725;таннин;низк танин;гладк;гладк
726;таннин;низк танин;мягк;мягк
727;таннин;низк танин;мягк;мягкост
728;таннин;низк танин;податл;податл
729;таннин;низк танин;бархатн;бархатн послевкус
730;таннин;низк танин;бархатн;бархат
731;таннин;низк танин;бархатн;бархатн
732;таннин;низк танин;бархатн;бархатист
733;таннин;низк танин;бархатн танин;бархатн танин
734;таннин;средн танин;вяжущ;вяжущ
735;таннин;средн танин;средн танин;средн танин
736;таннин;средн танин;мягк гореч;мягк гореч
737;таннин;средн танин;приятн гореч;приятн гореч
738;растительн;сух трав;черн ча;черн ча
739;растительн;сух трав;сен;сен
740;растительн;сух трав;ча;эрл гре
741;растительн;сух трав;ча;зел ча
742;растительн;сух трав;ча;ча
743;растительн;сух трав;ча;чайн лист
744;растительн;сух трав;ча;лист ча
745;растительн;сух трав;ча;чайн
746;растительн;сух трав;табак;трубочн табак
747;растительн;сух трав;табак;табак
748;растительн;сух трав;табак;лист табак
749;растительн;сух трав;табак;табачн лист
750;растительн;свеж трав;альпийск трав;альпийск трав
751;растительн;свеж трав;базилик;базилик
752;растительн;свеж трав;лавр лист;лавр лист
753;растительн;свеж трав;скош трав;скош трав
754;растительн;свеж трав;укроп;укроп
755;растительн;свеж трав;суш трав;суш трав
756;растительн;свеж трав;газон;газон
757;растительн;свеж трав;газон;газон трав
758;растительн;свеж трав;жар трав;жар трав
759;растительн;свеж трав;трав;сад трав
760;растительн;свеж трав;трав;трав
761;растительн;свеж трав;трав;трав
762;растительн;свеж трав;травянист;травянист
763;растительн;свеж трав;трав;молот трав
764;растительн;свеж трав;трав;букет трав
765;растительн;свеж трав;лемонграсс;лемонграсс
766;растительн;свеж трав;душиц;душиц
767;растительн;свеж трав;средиземноморск трав;средиземноморск трав
768;растительн;свеж трав;ментол;ментол
769;растительн;свеж трав;мят;рез мят
770;растительн;свеж трав;мят;мят
771;растительн;свеж трав;мят;мятн
772;растительн;свеж трав;мят;дик мят
773;растительн;свеж трав;орег;орег
774;растительн;свеж трав;розмарин;розмарин
775;растительн;свеж трав;шалф;жар шалф
776;растительн;свеж трав;шалф;шалф порошок
777;растительн;свеж трав;шалф;шалф
778;растительн;свеж трав;шалф;полын
779;растительн;свеж трав;перечн мят;перечн мят
780;растительн;свеж трав;стебел;стебельчат
781;растительн;свеж трав;стебел;стебел
782;растительн;свеж трав;стебел;стебл
783;растительн;свеж трав;эстрагон;эстрагон
784;растительн;свеж трав;тим;тим
785;растительн;свеж трав;тим;дик тим
786;растительн;свеж трав;трав;трав
787;растительн;лист;эвкалипт;эвкалипт
788;растительн;лист;можжевельник;можжевельник
789;растительн;лист;лист;листв
790;растительн;лист;лист;лист
791;растительн;лист;лист;травянист
792;растительн;лист;крап;крап
793;растительн;лист;сосн;сосн лес
794;растительн;лист;сосн;сосн иголк
795;растительн;лист;тростник;тростник
796;растительн;лист;сочн;сочн
797;растительн;лист;сассафрас;кор пив
798;растительн;лист;сассафрас;сассафрас
799;растительн;овощ;спарж;спарж
800;растительн;овощ;свекл;свекл
801;растительн;овощ;свекл;свекольн
802;растительн;овощ;болгарск перец;болгарск перец
803;растительн;овощ;сельдер;сельдер
804;растительн;овощ;кукуруз;кукуруз
805;растительн;овощ;огурец;огурец
806;растительн;овощ;фенхел;фенхел
807;растительн;овощ;зел фасол;зел фасол
808;растительн;овощ;зел перец;зел перец
809;растительн;овощ;халап;халап
810;растительн;овощ;салат;салат
811;растительн;овощ;оливк;маслин
812;растительн;овощ;оливк;зел оливк
813;растительн;овощ;оливк;оливк
814;растительн;овощ;оливк;тапенад
815;растительн;овощ;горох;горох
816;растительн;овощ;пиразин;пиразин
817;растительн;овощ;рев;рев
818;растительн;овощ;пикантн;пикантн
819;растительн;овощ;томат;марин помидор
820;растительн;овощ;томат;помидор
821;растительн;овощ;томат;томат
822;растительн;овощ;томат;томатн
823;растительн;овощ;ум;ум
824;растительн;овощ;овощн;клюкв рев
825;растительн;овощ;овощн;овощн
826;растительн;овощ;халап;халап
827;внешност;цвет;син;син
828;внешност;цвет;темн син;темн син
829;внешност;цвет;кирпичн;кирпичн
830;внешност;цвет;коричн;коричн
831;внешност;цвет;темн;темн
832;внешност;цвет;темн;темн цвет
833;внешност;цвет;золот;золот
834;внешност;цвет;золот;золот
835;внешност;цвет;золот;золотист
836;внешност;цвет;золот;золот цвет
837;внешност;цвет;зел;зел
838;внешност;цвет;окисл;окисл
839;внешност;цвет;бледн цвет;бледн цвет
840;внешност;цвет;розоват;розоват
841;внешност;цвет;роз;роз
842;внешност;цвет;сир;сир
843;внешност;цвет;фиолет;фиолет
844;внешност;цвет;рубин;рубин
845;внешност;цвет;ржав;ржав
846;внешност;цвет;сол;сол
847;внешност;цвет;бел;бел
848;внешност;цвет;желт;желт
849;внешност;насыщ цвет;блест;блест
850;внешност;насыщ цвет;ярк цвет;ярк цвет
851;внешност;насыщ цвет;слаб цвет;бледн цвет
852;внешност;насыщ цвет;светл;светл
853;внешност;насыщ цвет;мутн;мутн
854;внешност;насыщ цвет;бледн;бледн
855;внешност;насыщ цвет;мерц;мерц
856;внешност;насыщ цвет;ярк;ярк
857;древесн;дуб;дуб;дуб бочк
858;древесн;дуб;дуб;дуб привкус
859;древесн;смолист;американск дуб;американск дуб
860;древесн;смолист;кор;кор
861;древесн;смолист;кедр;кедр
862;древесн;смолист;кедр;кедр
863;древесн;смолист;кокос;кокос
864;древесн;смолист;французск дуб;французск дуб
865;древесн;смолист;волокн;волокн
866;древесн;смолист;волокн;древесн волокн
867;древесн;смолист;гикор;гикор
868;древесн;смолист;клен;клен
869;древесн;смолист;выдерж дуб;выдерж дуб
870;древесн;смолист;свеж дуб;свеж дуб
871;древесн;смолист;свеж древесин;свеж древесин
872;древесн;смолист;дуб;бочк
873;древесн;смолист;дуб;вли бочк
874;древесн;смолист;дуб;отбор бочек
875;древесн;смолист;дуб;баррел
876;древесн;смолист;дуб;тяжел дуб
877;древесн;смолист;дуб;дуб
878;древесн;смолист;дуб;вли дуб
879;древесн;смолист;дуб;целебн дуб
880;древесн;смолист;дуб;дуб
881;древесн;смолист;выдерж дуб;выдерж дуб
882;древесн;смолист;сосн;сосн
883;древесн;смолист;смол;смол
884;древесн;смолист;смол;смол
885;древесн;смолист;смол;смолист
886;древесн;смолист;санда дер;санда дер
887;древесн;смолист;опилк;опилк
888;древесн;смолист;жар кокос;жар кокос
889;древесн;смолист;кор дер;кор дер
890;древесн;смолист;ван;ван
891;древесн;смолист;ван;ванильн сахар
892;древесн;смолист;ванильн кокос;ванильн кокос
893;древесн;смолист;ванильн крем;ванильн крем
894;древесн;смолист;соцвет ван;соцвет ван
895;древесн;смолист;дер;дер
896;древесн;смолист;дер;дер
897;древесн;смолист;дер;древесн
898;древесн;смолист;дер;дер
899;древесн;смолист;стар дер;стар дер
900;древесн;смолист;древесн смол;древесн смол
901;древесн;жар;пепел;пепел
902;древесн;жар;сожж;горет
903;древесн;жар;сожж;сгоревш
904;древесн;жар;жар тост;жар тост
905;древесн;жар;тост масл;тост масл
906;древесн;жар;костер;костер
907;древесн;жар;угл;угл
908;древесн;жар;сигар;сигар
909;древесн;жар;портсигар;портсигар
910;древесн;жар;коф;коф
911;древесн;жар;коф;кофейн боб
912;древесн;жар;коф;молот коф
913;древесн;жар;коф;коф мокк
914;древесн;жар;коф;эспресс
915;древесн;жар;коф;лакричн эспресс
916;древесн;жар;коф;мокк
917;древесн;жар;коф;жар коф
918;древесн;жар;эспресс;эспресс боб
919;древесн;жар;томл;томл
920;древесн;жар;лад;лад
921;древесн;жар;дым;дым
922;древесн;жар;дым;дымн
923;древесн;жар;дым;окурок
924;древесн;жар;дым;нюхательн табак
925;древесн;жар;копч мяс;копч мяс
926;древесн;жар;дым;древесн дым
927;древесн;жар;тост;тост
928;древесн;жар;тост;тост хлеб